Standard,ID,Queryable?,Obligation level,Enforcement level,Allocated target,Description,Similar,Package,Difficulty,Justification for querability level
AUTOSAR,A0-1-1,Yes,Required,Automated,Implementation,A project shall not contain instances of non-volatile variables being given values that are not subsequently used.,M0-1-6,DeadCode,Medium,
AUTOSAR,A0-1-2,Yes,Required,Automated,Implementation,The value returned by a function having a non-void return type that is not an overloaded operator shall be used.,M0-1-7,DeadCode,Easy,
AUTOSAR,A0-1-3,Yes,Required,Automated,Implementation,"Every function defined in an anonymous namespace, or static function with internal linkage, or private member function shall be used.",M0-1-10,DeadCode,Easy,
AUTOSAR,A0-1-4,Yes,Required,Automated,Implementation,There shall be no unused named parameters in non-virtual functions.,,DeadCode,Easy,
AUTOSAR,A0-1-5,Yes,Required,Automated,Implementation,There shall be no unused named parameters in the set of parameters for a virtual function and all the functions that override it.,,DeadCode,Easy,
AUTOSAR,A0-1-6,Yes,Advisory,Automated,Implementation,There should be no unused type declarations.,M0-1-5,DeadCode,Easy,
AUTOSAR,A0-4-1,Yes,Required,Non-Automated,Infrastructure / Toolchain,Floating-point implementation shall comply with IEEE 754 standard.,,Toolchain,Easy,Find certain pairs of types and platforms which are not IEEE 754 compatible.
AUTOSAR,A0-4-2,Yes,Required,Automated,Implementation,Type long double shall not be used.,,BannedTypes,Easy,
AUTOSAR,A0-4-3,Yes,Required,Automated,Toolchain,The implementations in the chosen compiler shall strictly comply with the C++14 Language Standard.,,Toolchain,Easy,Find cases where -std=gnu++14 is used instead of -std=c++14. Note: this is currently only possible for compilations that do not use response files.
AUTOSAR,A0-4-4,Yes,Required,Partially Automated,Implementation,"Range, domain and pole errors shall be checked when using math functions.",,TypeRanges,Hard,
AUTOSAR,A1-1-1,Yes,Required,Automated,Implementation,All code shall conform to ISO/IEC 14882:2014 - Programming Language C++ and shall not use deprecated features.,,Toolchain,Hard,"Appendix D of the Standard lists depreceated features. List is lengthy, but otherwise easy to write. This can also be compiler checked, so we should confirm that we also want this as a CodeQL check."
AUTOSAR,A1-1-2,Yes,Required,Non-Automated,Implementation / Toolchain,A warning level of the compilation process shall be set in compliance with project policies.,,Toolchain,Easy,Note: this is currently only possible for compilations that do not use response files.
AUTOSAR,A1-1-3,Yes,Required,Non-Automated,Toolchain,An optimization option that disregards strict standard compliance shall not be turned on in the chosen compiler.,,Toolchain,Easy,Note: this is currently only possible for compilations that do not use response files.
AUTOSAR,A1-2-1,No,Required,Non-Automated,Toolchain,"When using a compiler toolchain (including preprocessor, compiler itself, linker, C++ standard libraries) in safety-related software, the tool confidence level (TCL) shall be determined. In case of TCL2 or TCL3, the compiler shall undergo a 'Qualification of a software tool', as per ISO 26262-8.11.4.6 [6].",,,,Allocated target not covered by CodeQL
AUTOSAR,A1-4-1,No,Required,Non-Automated,Implementation / Verification,Code metrics and their valid boundaries shall be defined and code shall comply with defined boundaries of code metrics.,,,,Allocated target not covered by CodeQL
AUTOSAR,A1-4-3,No,Advisory,Automated,Implementation,All code should compile free of compiler warnings.,,,,"This should be checked via the compiler output, rather than CodeQL, which adds unecessary steps."
AUTOSAR,A10-0-1,Yes,Required,Non-Automated,Design,Public inheritance shall be used to implement 'is-a' relationship.,,Inheritance,Audit,Report a list of Inheritance relationships.
AUTOSAR,A10-0-2,Yes,Required,Non-Automated,Design,Membership or non-public inheritance shall be used to implement 'has-a' relationship.,,Inheritance,Audit,Report a list of membership relationships.
AUTOSAR,A10-1-1,Yes,Required,Automated,Implementation,Class shall not be derived from more than one base class which is not an interface class.,,Inheritance,Easy,
AUTOSAR,A10-2-1,Yes,Required,Automated,Implementation,Non-virtual public or protected member functions shall not be redefined in derived classes.,,VirtualFunctions,Easy,
AUTOSAR,A10-3-1,Yes,Required,Automated,Implementation,"Virtual function declaration shall contain exactly one of the three specifiers: (1) virtual, (2) override, (3) final.",,VirtualFunctions,Easy,
AUTOSAR,A10-3-2,Yes,Required,Automated,Implementation,Each overriding virtual function shall be declared with the override or final specifier.,,VirtualFunctions,Easy,
AUTOSAR,A10-3-3,Yes,Required,Automated,Implementation,Virtual functions shall not be introduced in a final class.,,VirtualFunctions,Easy,
AUTOSAR,A10-3-5,Yes,Required,Automated,Implementation,A user-defined assignment operator shall not be virtual.,,Operators,Easy,
AUTOSAR,A10-4-1,Yes,Advisory,Non-Automated,Design,Hierarchies should be based on interface classes.,,Inheritance,Audit,Report a list of hierarchies which don't use interfaces.
AUTOSAR,A11-0-1,Yes,Advisory,Automated,Implementation,A non-POD type should be defined as class.,,Classes,Easy,
AUTOSAR,A11-0-2,Yes,Required,Automated,Implementation,"A type defined as struct shall: (1) provide only public data members, (2) not provide any special member functions or methods, (3) not be a base of another struct or class, (4) not inherit from another struct or class.",,Classes,Easy,
AUTOSAR,A11-3-1,Yes,Required,Automated,Implementation,Friend declarations shall not be used.,cpp/jsf/av-rule-70,BannedSyntax,Easy,
AUTOSAR,A12-0-1,Yes,Required,Automated,Implementation,"If a class declares a copy or move operation, or a destructor, either via '=default', '=delete', or via a user-provided declaration, then all others of these five special member functions shall be declared as well.",cpp/rule-of-three,Classes,Easy,
AUTOSAR,A12-0-2,Yes,Required,Partially Automated,Implementation,Bitwise operations and operations that assume data representation in memory shall not be performed on objects.,M5-0-21,Expressions,Medium,
AUTOSAR,A12-1-1,Yes,Required,Automated,Implementation,"Constructors shall explicitly initialize all virtual base classes, all direct non-virtual base classes and all non-static data members.",M12-1-2,Initialization,Medium,
AUTOSAR,A12-1-2,Yes,Required,Automated,Implementation,Both NSDMI and a non-static member initializer in a constructor shall not be used in the same type.,,Initialization,Medium,
AUTOSAR,A12-1-3,Yes,Required,Automated,Implementation,"If all user-defined constructors of a class initialize data members with constant values that are the same across all constructors, then data members shall be initialized using NSDMI instead.",,Initialization,Medium,
AUTOSAR,A12-1-4,Yes,Required,Automated,Implementation,All constructors that are callable with a single argument of fundamental type shall be declared explicit.,,Initialization,Easy,
AUTOSAR,A12-1-5,Yes,Required,Partially Automated,Implementation,Common class initialization for non-constant members shall be done by a delegating constructor.,,Initialization,Medium,
AUTOSAR,A12-1-6,Yes,Required,Automated,Implementation,Derived classes that do not need further explicit initialization and require all the constructors from the base class shall use inheriting constructors.,,Initialization,Easy,
AUTOSAR,A12-4-1,Yes,Required,Automated,Implementation,"Destructor of a base class shall be public virtual, public override or protected non-virtual.",OOP52-CPP,VirtualFunctions,Easy,
AUTOSAR,A12-4-2,Yes,Advisory,Automated,Implementation,"If a public destructor of a class is non-virtual, then the class should be declared final.",,VirtualFunctions,Easy,
AUTOSAR,A12-6-1,Yes,Required,Automated,Implementation,All class data members that are initialized by the constructor shall be initialized using member initializers.,,Classes,Easy,
AUTOSAR,A12-7-1,Yes,Required,Automated,Implementation,"If the behavior of a user-defined special member function is identical to implicitly defined special member function, then it shall be defined '=default' or be left undefined.",,Classes,Easy,
AUTOSAR,A12-8-1,Yes,Required,Automated,Implementation,"Move and copy constructors shall move and respectively copy base classes and data members of a class, without any side effects.",M12-8-1,SideEffects2,Hard,
AUTOSAR,A12-8-2,Yes,Advisory,Automated,Implementation,User-defined copy and move assignment operators should use user-defined no-throw swap function.,,OperatorInvariants,Easy,
AUTOSAR,A12-8-3,Yes,Required,Partially Automated,Implementation,Moved-from object shall not be read-accessed.,EXP63-CPP,MoveForward,Import,
AUTOSAR,A12-8-4,Yes,Required,Automated,Implementation,Move constructor shall not initialize its class members and base classes using copy semantics.,,Initialization,Easy,
AUTOSAR,A12-8-5,Yes,Required,Automated,Implementation,A copy assignment and a move assignment operators shall handle self-assignment.,OOP54-CPP,OperatorInvariants,Import,
AUTOSAR,A12-8-6,Yes,Required,Automated,Implementation,Copy and move constructors and copy assignment and move assignment operators shall be declared protected or defined '=delete' in base class.,M12-8-2,Operators,Easy,
AUTOSAR,A12-8-7,Yes,Advisory,Automated,Implementation,Assignment operators should be declared with the ref-qualifier &.,,Operators,Easy,
AUTOSAR,A13-1-2,Yes,Required,Automated,Implementation,User defined suffixes of the user defined literal operators shall start with underscore followed by one or more letters.,,Naming,Easy,
AUTOSAR,A13-1-3,Yes,Required,Automated,Implementation,User defined literals operators shall only perform conversion of passed parameters.,,SideEffects2,Easy,
AUTOSAR,A13-2-1,Yes,Required,Automated,Implementation,An assignment operator shall return a reference to 'this'.,cpp/assignment-does-not-return-this,OperatorInvariants,Easy,
AUTOSAR,A13-2-2,Yes,Required,Automated,Implementation,A binary arithmetic operator and a bitwise operator shall return a 'prvalue'.,,OperatorInvariants,Easy,
AUTOSAR,A13-2-3,Yes,Required,Automated,Implementation,A relational operator shall return a boolean value.,,Operators,Easy,
AUTOSAR,A13-3-1,Yes,Required,Automated,Implementation,A function that contains 'forwarding reference' as its argument shall not be overloaded.,,Operators,Easy,
AUTOSAR,A13-5-1,Yes,Required,Automated,Implementation,"If 'operator[]' is to be overloaded with a non-const version, const version shall also be implemented.",,Operators,Easy,
AUTOSAR,A13-5-2,Yes,Required,Automated,Implementation,All user-defined conversion operators shall be defined explicit.,,Operators,Easy,
AUTOSAR,A13-5-3,Yes,Advisory,Automated,Implementation,User-defined conversion operators should not be used.,,Operators,Easy,
AUTOSAR,A13-5-4,Yes,Required,Automated,Implementation,"If two opposite operators are defined, one shall be defined in terms of the other.",,OperatorInvariants,Easy,
AUTOSAR,A13-5-5,Yes,Required,Automated,Implementation,Comparison operators shall be non-member functions with identical parameter types and noexcept.,,Operators,Easy,
AUTOSAR,A13-6-1,Yes,Required,Automated,Implementation,"Digit sequences separators ' shall only be used as follows: (1) for decimal, every 3 digits, (2) for hexadecimal, every 2 digits, (3) for binary, every 4 digits.",,Literals,Easy,
AUTOSAR,A14-1-1,Yes,Advisory,Non-Automated,Implementation,A template should check if a specific template argument is suitable for this template.,,Templates,Medium,"Look for classes with default constructors or assignment operators, with a template field which is not copyable/moveable"
AUTOSAR,A14-5-1,Yes,Required,Automated,Implementation,A template constructor shall not participate in overload resolution for a single argument of the enclosing class type.,M14-5-2,Templates,Easy,
AUTOSAR,A14-5-2,Yes,Advisory,Partially-Automated,Design,Class members that are not dependent on template class parameters should be defined in a separate base class.,,Classes,Easy,
AUTOSAR,A14-5-3,Yes,Advisory,Automated,Design,"A non-member generic operator shall only be declared in a namespace that does not contain class (struct) type, enum type or union type declarations.",,Operators,Easy,
AUTOSAR,A14-7-1,Yes,Required,Automated,Implementation,A type used as a template argument shall provide all members that are used by the template.,M14-7-2,Templates,Easy,
AUTOSAR,A14-7-2,Yes,Required,Automated,Implementation,"Template specialization shall be declared in the same file (1) as the primary template (2) as a user-defined type, for which the specialization is declared.",,Templates,Easy,
AUTOSAR,A14-8-2,Yes,Required,Automated,Implementation,Explicit specializations of function templates shall not be used.,M14-8-1,Templates,Easy,
AUTOSAR,A15-0-1,Yes,Required,Non-Automated,Architecture / Design / Implementation,A function shall not exit with an exception if it is able to complete its task.,,Exceptions1,Audit,Report a list of functions which throw exceptions.
AUTOSAR,A15-0-2,Yes,Required,Partially Automated,Architecture / Design / Implementation,"At least the basic guarantee for exception safety shall be provided for all operations. In addition, each function may offer either the strong guarantee or the nothrow guarantee",ERR56-CPP,ExceptionSafety,Import,
AUTOSAR,A15-0-3,Yes,Required,Non-Automated,Implementation,Exception safety guarantee of a called function shall be considered.,,ExceptionSafety,Hard,"There are certain exception safety guarantees we can check, such as exceptions in constructor calls used in emplace (the example from the rule text)."
AUTOSAR,A15-0-4,Yes,Required,Non-Automated,Architecture / Design / Implementation,Unchecked exceptions shall be used to represent errors from which the caller cannot reasonably be expected to recover.,,Exceptions1,Audit,Report a list of unchecked exceptions.
AUTOSAR,A15-0-5,Yes,Required,Non-Automated,Architecture / Design / Implementation,Checked exceptions shall be used to represent errors from which the caller can reasonably be expected to recover.,,Exceptions1,Audit,Report a list of checked exceptions.
AUTOSAR,A15-0-6,No,Required,Non-Automated,Verification / Toolchain,An analysis shall be performed to analyze the failure modes of exception,,,,Allocated target not covered by CodeQL
AUTOSAR,A15-0-7,No,Required,Partially Automated,Verification / Toolchain,Exception handling mechanism shall guarantee a deterministic worst-case time execution time.,,,,Allocated target not covered by CodeQL
AUTOSAR,A15-0-8,No,Required,Non-Automated,Verification / Toolchain,"A worst-case execution time (WCET) analysis shall be performed to determine maximum execution time constraints of the software, covering in particular the exceptions processing.",,,,Allocated target not covered by CodeQL
AUTOSAR,A15-1-1,Yes,Advisory,Automated,Implementation,Only instances of types derived from std::exception should be thrown.,,Exceptions2,Easy,
AUTOSAR,A15-1-2,Yes,Required,Automated,Implementation,An exception object shall not be a pointer.,,Exceptions1,Easy,
AUTOSAR,A15-1-3,Yes,Advisory,Automated,Implementation,All thrown exceptions should be unique.,,Exceptions1,Easy,
AUTOSAR,A15-1-4,Yes,Required,Partially Automated,Implementation,"If a function exits with an exception, then before a throw, the function shall place all objects/resources that the function constructed in valid states or it shall delete them.",ERR57-CPP,ExceptionSafety,Easy,
AUTOSAR,A15-1-5,Yes,Required,Non-Automated,Implementation,Exceptions shall not be thrown across execution boundaries.,ERR59-CPP,TrustBoundaries,Import,The database holds information about which compiler binary was used for each compilation. This can be used to identify execution boundaries between compilation units.
AUTOSAR,A15-2-1,Yes,Required,Automated,Implementation,Constructors that are not noexcept shall not be invoked before program startup.,ERR51-CPP,Exceptions1,Medium,
AUTOSAR,A15-2-2,Yes,Required,Partially Automated,Implementation,"If a constructor is not noexcept and the constructor cannot finish object initialization, then it shall deallocate the object's resources and it shall throw an exception.",ERR57-CPP,Exceptions2,Easy,
AUTOSAR,A15-3-2,No,Required,Non-Automated,Implementation,"If a function throws an exception, it shall be handled when meaningful actions can be taken, otherwise it shall be propagated.",,,,Difficult to identify when meaningful action could be taken.
AUTOSAR,A15-3-3,Yes,Required,Partially-Automated,Implementation,"Main function and a task main function shall catch at least: base class exceptions from all third-party libraries used, std::exception and all otherwise unhandled exceptions.",M15-3-2,Exceptions1,Easy,
AUTOSAR,A15-3-4,Yes,Required,Non-Automated,Implementation,"Catch-all (ellipsis and std::exception) handlers shall be used only in (a) main, (b) task main functions, (c) in functions that are supposed to isolate independent components and (d) when calling third-party code that uses exceptions not according to AUTOSAR C++14 guidelines.",,Exceptions1,Medium,"Identify catch-all handlers which aren't in main, aren't in functions called by std::thread or similar, and aren't wrapping external function calls. We may require some heuristics to exclude other ""isolation"" cases."
AUTOSAR,A15-3-5,Yes,Required,Automated,Implementation,A class type exception shall be caught by reference or const reference.,M15-3-5,Exceptions2,Easy,
AUTOSAR,A15-4-1,Yes,Required,Automated,Implementation,Dynamic exception-specification shall not be used.,,Exceptions1,Easy,
AUTOSAR,A15-4-2,Yes,Required,Automated,Implementation,"If a function is declared to be noexcept, noexcept(true) or noexcept(<true condition>), then it shall not exit with an exception.",M15-5-2,Exceptions1,Medium,
AUTOSAR,A15-4-3,Yes,Required,Automated,Implementation,"The noexcept specification of a function shall either be identical across all translation units, or identical or more restrictive between a virtual member function and an overrider.",,Exceptions2,Easy,
AUTOSAR,A15-4-4,Yes,Required,Automated,Implementation,A declaration of non-throwing function shall contain noexcept specification.,,Exceptions1,Easy,
AUTOSAR,A15-4-5,Yes,Required,Automated,Implementation,Checked exceptions that could be thrown from a function shall be specified together with the function declaration and they shall be identical in all function declarations and for all its overriders.,,Exceptions2,Easy,
AUTOSAR,A15-5-1,Yes,Required,Automated,Implementation,"All user-provided class destructors, deallocation functions, move constructors, move assignment operators and swap functions shall not exit with an exception. A noexcept exception specification shall be added to these functions as appropriate.",M15-5-1,Exceptions2,Easy,
AUTOSAR,A15-5-2,Yes,Required,Partially Automated,Implementation,"Program shall not be abruptly terminated. In particular, an implicit or explicit invocation of std::abort(), std::quick_exit(), std::_Exit(), std::terminate() shall not be done.",ERR50-CPP,Exceptions1,Easy,
AUTOSAR,A15-5-3,Yes,Required,Automated,Implementation,The std::terminate() function shall not be called implicitly.,A15-5-2,Exceptions1,Medium,
AUTOSAR,A16-0-1,Yes,Required,Automated,Implementation,"The pre-processor shall only be used for unconditional and conditional file inclusion and include guards, and using the following directives: (1) #ifndef, #ifdef, (3) #if, (4) #if defined, (5) #elif, (6) #else, (7) #define, (8) #endif, (9) #include.",M16-2-1,Macros,Easy,
AUTOSAR,A16-2-1,Yes,Required,Automated,Implementation,"The ', "", /*, //, \ characters shall not occur in a header file name or in #include directive.",M16-2-4,Macros,Easy,
AUTOSAR,A16-2-2,Yes,Required,Automated,Implementation,There shall be no unused include directives.,cpp/dependency/useless-include,Includes,Hard,https://github.com/github/semmle-code/tree/main/packs/dependency/queries/semmlecode-cpp-queries/Dependency
AUTOSAR,A16-2-3,No,Required,Non-Automated,Implementation,An include directive shall be added explicitly for every symbol used in a file.,,,,There is no automated way to identify which headers are intended to be imported for each symbol. For the standard library we could scrape the documentation to determine which symbol is supposed to come from which header but the expected value is low.
AUTOSAR,A16-6-1,Yes,Required,Automated,Implementation,#error directive shall not be used.,,Macros,Easy,
AUTOSAR,A16-7-1,Yes,Required,Automated,Implementation,The #pragma directive shall not be used.,,Macros,Easy,
AUTOSAR,A17-0-1,Yes,Required,Automated,Implementation,"Reserved identifiers, macros and functions in the C++ standard library shall not be defined, redefined or undefined.",M17-0-1,BannedLibraries,Medium,
AUTOSAR,A17-0-2,No,Required,Non-Automated,Implementation,All project's code including used libraries (including standard and user-defined libraries) and any third-party user code shall conform to the AUTOSAR C++14 Coding Guidelines.,,,,"Self-referential. This is, in practice, covered by the rest of the queries, so I don't think we would have a specific query for this."
AUTOSAR,A17-1-1,Yes,Required,Non-Automated,Implementation,Use of the C Standard Library shall be encapsulated and isolated.,,Functions,Medium,Enforce that functions which call cstd functions are only calling cstd functions.
AUTOSAR,A17-6-1,Yes,Required,Automated,Implementation,Non-standard entities shall not be added to standard namespaces.,DCL58-CPP,Scope,Import,
AUTOSAR,A18-0-1,Yes,Required,Automated,Implementation,The C library facilities shall only be accessed through C++ library headers.,M18-0-1,BannedLibraries,Easy,
AUTOSAR,A18-0-2,Yes,Required,Automated,Implementation,The error state of a conversion from string to a numeric value shall be checked.,M18-0-2,TypeRanges,Medium,
AUTOSAR,A18-0-3,Yes,Required,Automated,Implementation,The library <clocale> (locale.h) and the setlocale function shall not be used.,,BannedLibraries,Easy,
AUTOSAR,A18-1-1,Yes,Required,Automated,Implementation,C-style arrays shall not be used.,,BannedSyntax,Easy,
AUTOSAR,A18-1-2,Yes,Required,Automated,Implementation,The std::vector<bool> specialization shall not be used.,,BannedTypes,Easy,
AUTOSAR,A18-1-3,Yes,Required,Automated,Implementation,The std::auto_ptr type shall not be used.,,BannedTypes,Easy,
AUTOSAR,A18-1-4,Yes,Required,Automated,Implementation,A pointer pointing to an element of an array of objects shall not be passed to a smart pointer of single object type.,,Pointers,Medium,
AUTOSAR,A18-1-6,Yes,Required,Automated,Implementation,All std::hash specializations for user-defined types shall have a noexcept function call operator.,,OperatorInvariants,Easy,
AUTOSAR,A18-5-1,Yes,Required,Automated,Implementation,"Functions malloc, calloc, realloc and free shall not be used.",,BannedFunctions,Easy,
AUTOSAR,A18-5-10,Yes,Required,Automated,Implementation,Placement new shall be used only with properly aligned pointers to sufficient storage capacity.,MEM54-CPP,Allocations,Import,
AUTOSAR,A18-5-11,Yes,Required,Automated,Implementation,operator new' and 'operator delete' shall be defined together.,DCL54-CPP,Declarations,Easy,
AUTOSAR,A18-5-2,Yes,Required,Partially Automated,Implementation,Non-placement new or delete expressions shall not be used.,,Allocations,Hard,
AUTOSAR,A18-5-3,Yes,Required,Automated,Implementation,The form of the delete expression shall match the form of the new expression used to allocate the memory.,cpp/new-free-mismatch?,Freed,Very Hard,
AUTOSAR,A18-5-4,Yes,Required,Automated,Implementation,"If a project has sized or unsized version of operator 'delete' globally defined, then both sized and unsized versions shall be defined.",,Declarations,Easy,
AUTOSAR,A18-5-5,Yes,Required,Partially Automated,Toolchain,"Memory management functions shall ensure the following: (a) deterministic behavior resulting with the existence of worst-case execution time, (b) avoiding memory fragmentation, (c) avoid running out of memory, (d) 349 of 510 Document ID 839: AUTOSAR_RS_CPP14Guidelines",,Invariants,Hard,
AUTOSAR,A18-5-6,Yes,Required,Non-Automated,Verification / Toolchain,"An analysis shall be performed to analyze the failure modes of dynamic memory management. In particular, the following failure modes shall be analyzed: (a) non-deterministic behavior resulting with nonexistence of worst-case execution time, (b) memory fragmentation, (c) running out of memory, (d) mismatched allocations and deallocations, (e) dependence on non-deterministic calls to kernel.",,Allocations,Audit,Produce a list of allocations in the program.
AUTOSAR,A18-5-7,No,Required,Non-Automated,Implementation,"If non-realtime implementation of dynamic memory management functions is used in the project, then memory shall only be allocated and deallocated during non-realtime program phases.",,,,No specific ideas for implementing this.
AUTOSAR,A18-5-8,Yes,Required,Partially Automated,Implementation,Objects that do not outlive a function shall have automatic storage duration.,,Allocations,Medium,
AUTOSAR,A18-5-9,Yes,Required,Automated,Implementation,Custom implementations of dynamic memory allocation and deallocation functions shall meet the semantic requirements specified in the corresponding 'Required behaviour' clause from the C++ Standard.,MEM55-CPP,Allocations,Import,
AUTOSAR,A18-9-1,Yes,Required,Automated,Implementation,The std::bind shall not be used.,,BannedFunctions,Easy,
AUTOSAR,A18-9-2,Yes,Required,Automated,Implementation,"Forwarding values to other functions shall be done via: (1) std::move if the value is an rvalue reference, (2) std::forward if the value is forwarding reference.",,MoveForward,Medium,
AUTOSAR,A18-9-3,Yes,Required,Automated,Implementation,The std::move shall not be used on objects declared const or const&.,,MoveForward,Easy,
AUTOSAR,A18-9-4,Yes,Required,Automated,Implementation,An argument to std::forward shall not be subsequently used.,,MoveForward,Medium,
AUTOSAR,A2-10-1,Yes,Required,Automated,Architecture / Design / Implementation,An identifier declared in an inner scope shall not hide an identifier declared in an outer scope.,M2-10-2,Naming,Easy,
AUTOSAR,A2-10-4,Yes,Required,Automated,Implementation,The identifier name of a non-member object with static storage duration or static function shall not be reused within a namespace.,M2-10-5,Naming,Easy,
AUTOSAR,A2-10-5,Yes,Advisory,Automated,Design / Implementation,An identifier name of a function with static storage duration or a non-member object with external or internal linkage should not be reused.,M2-10-5,Naming,Easy,
AUTOSAR,A2-10-6,Yes,Required,Automated,Implementation,"A class or enumeration name shall not be hidden by a variable, function or enumerator declaration in the same scope.",M2-10-6,Naming,Easy,
AUTOSAR,A2-11-1,Yes,Required,Automated,Design / Implementation,Volatile keyword shall not be used.,cpp/jsf/av-rule-205,BannedSyntax,Easy,
AUTOSAR,A2-13-1,Yes,Required,Automated,Architecture / Design / Implementation,Only those escape sequences that are defined in ISO/IEC 14882:2014 shall be used.,M2-13-1,Literals,Easy,
AUTOSAR,A2-13-2,No,Required,Automated,Implementation,String literals with different encoding prefixes shall not be concatenated.,M2-13-5,,,"From the sample, it looks like this is compiler enforced."
AUTOSAR,A2-13-3,Yes,Required,Automated,Architecture / Design / Implementation,Type wchar_t shall not be used.,,BannedTypes,Easy,
AUTOSAR,A2-13-4,Yes,Required,Automated,Architecture / Design / Implementation,String literals shall not be assigned to non-constant pointers.,,Strings,Easy,
AUTOSAR,A2-13-5,Yes,Advisory,Automated,Implementation,Hexadecimal constants should be upper case.,,Literals,Easy,
AUTOSAR,A2-13-6,Yes,Required,Automated,Architecture / Design / Implementation,Universal character names shall be used only inside character or string literals.,,Naming,Easy,
AUTOSAR,A2-3-1,Yes,Required,Automated,Architecture / Design / Implementation,Only those characters specified in the C++ Language Standard basic source character set shall be used in the source code.,,Naming,Easy,"We can only provide partial coverage for this rule, because we have a semantic not syntactic model of the code."
AUTOSAR,A2-5-1,No,Required,Automated,Implementation,Trigraphs shall not be used.,,,,Trigraphs/digraphs are implemented by the preprocessor in a such a way that we may not have that information in our database. We could look for compiler flags here.
AUTOSAR,A2-5-2,No,Required,Automated,Implementation,Digraphs shall not be used.,,,,Trigraphs/digraphs are implemented by the preprocessor in a such a way that we may not have that information in our database. We could look for compiler flags here.
AUTOSAR,A2-7-1,Yes,Required,Automated,Implementation,The character \ shall not occur as a last character of a C++ comment.,,Comments,Easy,
AUTOSAR,A2-7-2,Yes,Required,Non-Automated,Implementation,Sections of code shall not be 'commented out'.,M2-7-2,Comments,Easy,We can write a heuristic query that looks for code markers in comments.
AUTOSAR,A2-7-3,Yes,Required,Automated,Implementation,"All declarations of 'user-defined' types, static and non-static data members, functions and methods shall be preceded by documentation.",,Comments,Easy,
AUTOSAR,A2-7-5,No,Required,Non-Automated,Implementation,"Comments shall not document any actions or sources (e.g. tables, figures, paragraphs, etc.) that are outside of the file.",,,,Difficult to ascertain programmatically
AUTOSAR,A2-8-1,No,Required,Non-Automated,Architecture / Design / Implementation,A header file name should reflect the logical entity for which it provides declarations.,,,,Difficult to ascertain programmatically
AUTOSAR,A2-8-2,No,Advisory,Non-Automated,Architecture / Design / Implementation,An implementation file name should reflect the logical entity for which it provides definitions.,,,,Difficult to ascertain programmatically
AUTOSAR,A20-8-1,Yes,Required,Automated,Implementation,An already-owned pointer value shall not be stored in an unrelated smart pointer.,MEM56-CPP,SmartPointers1,Import,
AUTOSAR,A20-8-2,Yes,Required,Automated,Implementation,A std::unique_ptr shall be used to represent exclusive ownership.,,SmartPointers1,Hard,
AUTOSAR,A20-8-3,Yes,Required,Automated,Implementation,A std::shared_ptr shall be used to represent shared ownership.,,SmartPointers1,Hard,
AUTOSAR,A20-8-4,Yes,Required,Automated,Implementation,A std::unique_ptr shall be used over std::shared_ptr if ownership sharing is not required.,,SmartPointers1,Hard,
AUTOSAR,A20-8-5,Yes,Required,Automated,Implementation,std::make_unique shall be used to construct objects owned by std::unique_ptr.,,SmartPointers1,Easy,
AUTOSAR,A20-8-6,Yes,Required,Automated,Implementation,std::make_shared shall be used to construct objects owned by std::shared_ptr.,,SmartPointers1,Easy,
AUTOSAR,A20-8-7,Yes,Required,Non-Automated,Implementation,A std::weak_ptr shall be used to represent temporary shared ownership.,,SmartPointers2,Hard,"We can find some specific cases here: mutual assignment of two variables, for example."
AUTOSAR,A21-8-1,Yes,Required,Automated,Implementation,Arguments to character-handling functions shall be representable as an unsigned char.,STR37-C,TypeRanges,Hard,
AUTOSAR,A23-0-1,Yes,Required,Automated,Implementation,An iterator shall not be implicitly converted to const_iterator.,,Iterators,Easy,
AUTOSAR,A23-0-2,Yes,Required,Automated,Implementation,"Elements of a container shall only be accessed via valid references, iterators, and pointers.",CTR51-CPP,Iterators,Import,
AUTOSAR,A25-1-1,Yes,Required,Automated,Implementation,Non-static data members or captured values of predicate function objects that are state related to this object's identity shall not be copied.,CTR58-CPP,SideEffects2,Import,
AUTOSAR,A25-4-1,Yes,Required,Non-Automated,Implementation,Ordering predicates used with associative containers and STL sorting and related algorithms shall adhere to a strict weak ordering relation.,CTR57-CPP,Invariants,Import,Hard to determine in general. Easiest is likely the irreflexivity clause (specifically using std::less_equal and similar library functions)
AUTOSAR,A26-5-1,Yes,Required,Automated,Implementation,Pseudorandom numbers shall not be generated using std::rand().,MSC50-CPP,BannedFunctions,Import,
AUTOSAR,A26-5-2,Yes,Required,Automated,Implementation,Random number engines shall not be default-initialized.,MSC51-CPP,Initialization,Easy,
AUTOSAR,A27-0-1,Yes,Required,Non-Automated,Implementation,Inputs from independent components shall be validated.,,TypeRanges,Medium,"We can perform some checking here assuming: we have annotations which determine the boundaries between components, and the appropriate checks that should be performed."
AUTOSAR,A27-0-2,Yes,Advisory,Automated,Implementation,A C-style string shall guarantee sufficient space for data and the null terminator.,STR50-CPP,Strings,Import,
AUTOSAR,A27-0-3,Yes,Required,Automated,Implementation,Alternate input and output operations on a file stream shall not be used without an intervening flush or positioning call.,FIO50-CPP,IO,Import,
AUTOSAR,A27-0-4,Yes,Required,Automated,Implementation,C-style strings shall not be used.,,Strings,Hard,
AUTOSAR,A3-1-1,Yes,Required,Automated,Architecture / Design / Implementation,It shall be possible to include any header file in multiple translation units without violating the One Definition Rule.,M3-1-1,Includes,Easy,
AUTOSAR,A3-1-2,Yes,Required,Automated,Architecture / Design / Implementation,"Header files, that are defined locally in the project, shall have a file name extension of one of: "".h"", "".hpp"" or "".hxx"".",cpp/jsf/av-rule-53,Includes,Easy,
AUTOSAR,A3-1-3,Yes,Advisory,Automated,Architecture / Design / Implementation,"Implementation files, that are defined locally in the project, should have a file name extension of "".cpp"".",,Includes,Easy,
AUTOSAR,A3-1-4,Yes,Required,Automated,Design / Implementation,"When an array with external linkage is declared, its size shall be stated explicitly.",M3-1-3,Scope,Easy,
AUTOSAR,A3-1-5,Yes,Required,Partially-Automated,Design,A function definition shall only be placed in a class definition if (1) the function is intended to be inlined (2) it is a member function template (3) it is a member function of a class template.,,Classes,Medium,
AUTOSAR,A3-1-6,Yes,Advisory,Automated,Design,Trivial accessor and mutator functions should be inlined.,,Functions,Easy,
AUTOSAR,A3-3-1,Yes,Required,Automated,Implementation,Objects or functions with external linkage (including members of named namespaces) shall be declared in a header file.,M3-3-1,Includes,Easy,
AUTOSAR,A3-3-2,Yes,Required,Automated,Implementation,Static and thread-local objects shall be constant-initialized.,DCL56-CPP,Initialization,Medium,
AUTOSAR,A3-8-1,Yes,Required,Non-Automated,Implementation,An object shall not be accessed outside of its lifetime.,EXP54-CPP,Freed,Import,"A replica of a CERT-CPP rule, there are numerous specific cases we can cover."
AUTOSAR,A3-9-1,Yes,Required,Automated,Implementation,"Fixed width integer types from <cstdint>, indicating the size and signedness, shall be used in place of the basic numerical types.",M3-9-2,Declarations,Easy,
AUTOSAR,A4-10-1,Yes,Required,Automated,Architecture / Design / Implementation,Only nullptr literal shall be used as the null-pointer-constant.,,Literals,Easy,
AUTOSAR,A4-5-1,Yes,Required,Automated,Implementation,"Expressions with type enum or enum class shall not be used as operands to built-in and overloaded operators other than the subscript operator [ ], the assignment operator =, the equality operators == and ! =, the unary & operator, and the relational operators <, <=, >, >=.",M4-5-2,Expressions,Easy,
AUTOSAR,A4-7-1,Yes,Required,Automated,Implementation,An integer expression shall not lead to data loss.,M5-0-6,IntegerConversion,Very Hard,
AUTOSAR,A5-0-1,Yes,Required,Automated,Implementation,The value of an expression shall be the same under any order of evaluation that the standard permits.,M5-0-1,OrderOfEvaluation,Hard,
AUTOSAR,A5-0-2,Yes,Required,Automated,Implementation,The condition of an if-statement and the condition of an iteration statement shall have type bool.,M5-0-13,Conditionals,Easy,
AUTOSAR,A5-0-3,Yes,Required,Automated,Implementation,The declaration of objects shall contain no more than two levels of pointer indirection.,M5-0-19,Pointers,Easy,
AUTOSAR,A5-0-4,Yes,Required,Automated,Implementation,Pointer arithmetic shall not be used with pointers to non-final classes.,CTR56-CPP,Pointers,Easy,
AUTOSAR,A5-1-1,Yes,Required,Partially Automated,Implementation,"Literal values shall not be used apart from type initialization, otherwise symbolic names shall be used instead.",,Literals,Easy,
AUTOSAR,A5-1-2,Yes,Required,Automated,Implementation,Variables shall not be implicitly captured in a lambda expression.,,Lambdas,Easy,
AUTOSAR,A5-1-3,Yes,Required,Automated,Implementation,Parameter list (possibly empty) shall be included in every lambda expression.,,Lambdas,Easy,
AUTOSAR,A5-1-4,Yes,Required,Automated,Implementation,A lambda expression object shall not outlive any of its reference-captured objects.,EXP61-CPP,Lambdas,Import,
AUTOSAR,A5-1-6,Yes,Advisory,Automated,Implementation,Return type of a non-void return type lambda expression should be explicitly specified.,,Lambdas,Easy,
AUTOSAR,A5-1-7,Yes,Required,Automated,Implementation,A lambda shall not be an operand to decltype or typeid.,,Lambdas,Easy,
AUTOSAR,A5-1-8,Yes,Advisory,Automated,Implementation,Lambda expressions should not be defined inside another lambda expression.,,Lambdas,Easy,
AUTOSAR,A5-1-9,Yes,Advisory,Automated,Implementation,Identical unnamed lambda expressions shall be replaced with a named function or a named lambda expression.,,Lambdas,Very Hard,
AUTOSAR,A5-10-1,Yes,Required,Automated,Implementation,A pointer to member virtual function shall only be tested for equality with null-pointer-constant.,,Pointers,Medium,
AUTOSAR,A5-16-1,Yes,Required,Automated,Implementation,The ternary conditional operator shall not be used as a sub-expression.,,BannedSyntax,Easy,
AUTOSAR,A5-2-1,Yes,Advisory,Automated,Implementation,dynamic_cast should not be used.,,BannedSyntax,Easy,
AUTOSAR,A5-2-2,Yes,Required,Automated,Implementation,Traditional C-style casts shall not be used.,,BannedSyntax,Easy,
AUTOSAR,A5-2-3,Yes,Required,Automated,Implementation,A cast shall not remove any const or volatile qualification from the type of a pointer or reference.,EXP55-CPP,Const,Import,
AUTOSAR,A5-2-4,Yes,Required,Automated,Implementation,reinterpret_cast shall not be used.,M5-2-7,BannedSyntax,Easy,
AUTOSAR,A5-2-5,Yes,Required,Automated,Implementation,An array or container shall not be accessed beyond its range.,CTR50-CPP,OutOfBounds,Import,
AUTOSAR,A5-2-6,Yes,Required,Automated,Implementation,The operands of a logical && or || shall be parenthesized if the operands contain binary operators.,M5-2-1,OrderOfEvaluation,Easy,
AUTOSAR,A5-3-1,Yes,Required,Non-Automated,Implementation,Evaluation of the operand to the typeid operator shall not contain side effects.,,SideEffects1,Easy,"We will make use of a shared ""side-effects"" library for this query."
AUTOSAR,A5-3-2,Yes,Required,Partially Automated,Implementation,Null pointers shall not be dereferenced.,,Null,Very Hard,
AUTOSAR,A5-3-3,Yes,Required,Automated,Implementation,Pointers to incomplete class types shall not be deleted.,EXP57-CPP,Pointers,Easy,
AUTOSAR,A5-5-1,Yes,Required,Automated,Implementation,A pointer to member shall not access non-existent class members.,OOP55-CPP,Pointers,Import,
AUTOSAR,A5-6-1,Yes,Required,Automated,Implementation,The right hand operand of the integer division or remainder operators shall not be equal to zero.,,Expressions,Hard,
AUTOSAR,A6-2-1,Yes,Required,Automated,Implementation,"Move and copy assignment operators shall either move or respectively copy base classes and data members of a class, without any side effects.",,SideEffects2,Hard,
AUTOSAR,A6-2-2,Yes,Required,Automated,Implementation,Expression statements shall not be explicit calls to constructors of temporary objects only.,,OrderOfEvaluation,Easy,
AUTOSAR,A6-4-1,Yes,Required,Automated,Implementation,"A switch statement shall have at least two case-clauses, distinct from the default label.",cpp/trivial-switch,Conditionals,Easy,
AUTOSAR,A6-5-1,Yes,Required,Automated,Implementation,A for-loop that loops through all elements of the container and does not use its loop-counter shall not be used.,,Loops,Easy,
AUTOSAR,A6-5-2,Yes,Required,Automated,Implementation,A for loop shall contain a single loop-counter which shall not have floating-point type.,M6-5-1,Loops,Easy,
AUTOSAR,A6-5-3,Yes,Advisory,Automated,Implementation,Do statements should not be used.,,Loops,Easy,
AUTOSAR,A6-5-4,Yes,Advisory,Automated,Implementation,For-init-statement and expression should not perform actions other than loop-counter initialization and modification.,,Loops,Easy,
AUTOSAR,A6-6-1,Yes,Required,Automated,Implementation,The goto statement shall not be used.,cpp/jpl-c/simple-control-flow-goto,BannedSyntax,Easy,
AUTOSAR,A7-1-1,Yes,Required,Automated,Implementation,Constexpr or const specifiers shall be used for immutable data declaration.,,Const,Hard,
AUTOSAR,A7-1-2,Yes,Required,Automated,Implementation,The constexpr specifier shall be used for values that can be determined at compile time.,,Const,Medium,
AUTOSAR,A7-1-3,Yes,Required,Automated,Implementation,CV-qualifiers shall be placed on the right hand side of the type that is a typedef or a using name.,,Const,Easy,
AUTOSAR,A7-1-4,Yes,Required,Automated,Implementation,The register keyword shall not be used.,,BannedSyntax,Easy,
AUTOSAR,A7-1-5,Yes,Required,Automated,Implementation,"The auto specifier shall not be used apart from following cases: (1) to declare that a variable has the same type as return type of a function call, (2) to declare that a variable has the same type as initializer of non-fundamental type, (3) to declare parameters of a generic lambda expression, (4) to declare a function template using trailing return type syntax.",,Declarations,Medium,
AUTOSAR,A7-1-6,Yes,Required,Automated,Implementation,The typedef specifier shall not be used.,,BannedSyntax,Easy,
AUTOSAR,A7-1-7,Yes,Required,Automated,Implementation,Each expression statement and identifier declaration shall be placed on a separate line.,,Declarations,Easy,
AUTOSAR,A7-1-8,Yes,Required,Automated,Implementation,A non-type specifier shall be placed before a type specifier in a declaration.,,Declarations,Easy,
AUTOSAR,A7-1-9,Yes,Required,Automated,Implementation,"A class, structure, or enumeration shall not be declared in the definition of its type.",,Declarations,Easy,
AUTOSAR,A7-2-1,Yes,Required,Automated,Implementation,An expression with enum underlying type shall only have values corresponding to the enumerators of the enumeration.,M7-2-1,TypeRanges,Hard,
AUTOSAR,A7-2-2,Yes,Required,Automated,Implementation,Enumeration underlying base type shall be explicitly defined.,,Declarations,Easy,
AUTOSAR,A7-2-3,Yes,Required,Automated,Implementation,Enumerations shall be declared as scoped enum classes.,,Declarations,Easy,
AUTOSAR,A7-2-4,Yes,Required,Automated,Implementation,"In an enumeration, either (1) none, (2) the first or (3) all enumerators shall be initialized.",M8-5-3,Declarations,Easy,
AUTOSAR,A7-2-5,Yes,Advisory,Non-Automated,Design,Enumerations should be used to represent sets of related named constants.,,TypeRanges,Audit,List all enumerations
AUTOSAR,A7-3-1,Yes,Required,Automated,Implementation,All overloads of a function shall be visible from where it is called.,M7-3-5,Scope,Easy,
AUTOSAR,A7-4-1,Yes,Required,Automated,Implementation,The asm declaration shall not be used.,,BannedSyntax,Easy,
AUTOSAR,A7-5-1,Yes,Required,Automated,Implementation,A function shall not return a reference or a pointer to a parameter that is passed by reference to const.,,Functions,Easy,
AUTOSAR,A7-5-2,Yes,Required,Automated,Implementation,"Functions shall not call themselves, either directly or indirectly.",M7-5-4,Functions,Easy,
AUTOSAR,A7-6-1,Yes,Required,Automated,Implementation,Functions declared with the [[noreturn]] attribute shall not return.,MSC53-CPP,Functions,Import,
AUTOSAR,A8-2-1,Yes,Required,Automated,Implementation,"When declaring function templates, the trailing return type syntax shall be used if the return type depends on the type of parameters.",,Templates,Easy,
AUTOSAR,A8-4-1,Yes,Required,Automated,Implementation,Functions shall not be defined using the ellipsis notation.,M8-4-1,BannedSyntax,Easy,
AUTOSAR,A8-4-10,Yes,Required,Automated,Design,A parameter shall be passed by reference if it can't be NULL,,Null,Hard,
AUTOSAR,A8-4-11,Yes,Required,Automated,Design,A smart pointer shall only be used as a parameter type if it expresses lifetime semantics,,SmartPointers1,Medium,
AUTOSAR,A8-4-12,Yes,Required,Automated,Design,A std::unique_ptr shall be passed to a function as: (1) a copy to express the function assumes ownership (2) an lvalue reference to express that the function replaces the managed object.,,SmartPointers1,Medium,
AUTOSAR,A8-4-13,Yes,Required,Automated,Design,A std::shared_ptr shall be passed to a function as: (1) a copy to express the function shares ownership (2) an lvalue reference to express that the function replaces the managed object (3) a const lvalue reference to express that the function retains a reference count.,,SmartPointers1,Medium,
AUTOSAR,A8-4-14,No,Required,Non-Automated,Design,Interfaces shall be precisely and strongly typed.,,,,Difficult to ascertain programmatically
AUTOSAR,A8-4-2,Yes,Required,Automated,Implementation,All exit paths from a function with non-void return type shall have an explicit return statement with an expression.,M8-4-3,Functions,Easy,
AUTOSAR,A8-4-3,No,Advisory,Non-Automated,Design,Common ways of passing parameters should be used.,,,,The practical parts of this are covered by other rules (such as A8-4-5 to A8-4-9)
AUTOSAR,A8-4-4,Yes,Advisory,Automated,Design,Multiple output values from a function should be returned as a struct or tuple.,,Functions,Easy,
AUTOSAR,A8-4-5,Yes,Required,Automated,Design,"'consume' parameters declared as X && shall always be moved from.",,MoveForward,Easy,
AUTOSAR,A8-4-6,Yes,Required,Automated,Design,"'forward' parameters declared as T && shall always be forwarded.",,MoveForward,Easy,
AUTOSAR,A8-4-7,Yes,Required,Automated,Design,"'in' parameters for 'cheap to copy' types shall be passed by value.",,Classes,Easy,
AUTOSAR,A8-4-8,Yes,Required,Automated,Design,Output parameters shall not be used.,,Const,Easy,
AUTOSAR,A8-4-9,Yes,Required,Automated,Design,"'in-out' parameters declared as T & shall be modified.",,Const,Medium,
AUTOSAR,A8-5-0,Yes,Required,Automated,Implementation,All memory shall be initialized before it is read.,M8-5-1,Uninitialized,Very Hard,
AUTOSAR,A8-5-1,Yes,Required,Automated,Implementation,"In an initialization list, the order of initialization shall be following: (1) virtual base classes in depth and left to right order of the inheritance graph, (2) direct base classes in left to right order of inheritance list, (3) non-static data members in the order they were declared in the class definition.",,Initialization,Easy,
AUTOSAR,A8-5-2,Yes,Required,Automated,Implementation,"Braced-initialization {}, without equals sign, shall be used for variable initialization.",,Initialization,Easy,
AUTOSAR,A8-5-3,Yes,Required,Automated,Implementation,A variable of type auto shall not be initialized using {} or ={} braced-initialization.,,Initialization,Easy,
AUTOSAR,A8-5-4,Yes,Advisory,Automated,Implementation,"If a class has a user-declared constructor that takes a parameter of type std::initializer_list, then it shall be the only constructor apart from special member function constructors.",,Initialization,Easy,
AUTOSAR,A9-3-1,Yes,Required,Partially Automated,Implementation,Member functions shall not return non-const 'raw' pointers or references to private or protected data owned by the class.,M9-3-2,Classes,Hard,
AUTOSAR,A9-5-1,Yes,Required,Automated,Implementation,Unions shall not be used.,M9-5-1,BannedSyntax,Easy,
AUTOSAR,A9-6-1,Yes,Required,Partially Automated,Design,"Data types used for interfacing with hardware or conforming to communication protocols shall be trivial, standard-layout and only contain members of types with defined sizes.",,Classes,Medium,
AUTOSAR,A9-6-2,Yes,Required,Non-Automated,Design,Bit-fields shall be used only when interfacing to hardware or conforming to communication protocols.,,Representation,Audit,Produce an audit list. Omit items from the audit list which have an appropriate annotation.
AUTOSAR,M0-1-1,Yes,Required,Automated,Implementation,A project shall not contain unreachable code.,cpp/jsf/av-rule-186,DeadCode,Easy,
AUTOSAR,M0-1-10,Yes,Advisory,Automated,Implementation,Every defined function should be called at least once.,cpp/unused-static-function,DeadCode,Easy,
AUTOSAR,M0-1-2,Yes,Required,Automated,Implementation,A project shall not contain infeasible paths.,,DeadCode,Very Hard,
AUTOSAR,M0-1-3,Yes,Required,Automated,Implementation,A project shall not contain unused variables.,cpp/unused-static-variable and ,DeadCode,Easy,
AUTOSAR,M0-1-4,Yes,Required,Automated,Implementation,A project shall not contain non-volatile POD variables having only one use.,,DeadCode,Easy,
AUTOSAR,M0-1-8,Yes,Required,Automated,Implementation,All functions with void return type shall have external side effect(s).,,SideEffects2,Medium,
AUTOSAR,M0-1-9,Yes,Required,Automated,Implementation,There shall be no dead code.,cpp/dead-code-condition???,DeadCode,Medium,
AUTOSAR,M0-2-1,Yes,Required,Automated,Implementation,An object shall not be assigned to an overlapping object.,,Representation,Hard,
AUTOSAR,M0-3-1,No,Required,Non-Automated,Implementation / Verification,Minimization of run-time failures shall be ensured by the use of at least one of: (a) static analysis tools/techniques; (b) dynamic analysis tools/techniques; (c) explicit coding of checks to handle run-time faults.,,,,Allocated target not covered by CodeQL
AUTOSAR,M0-3-2,Yes,Required,Non-Automated,Implementation,"If a function generates error information, then that error information shall be tested.",cpp/jpl-c/checking-return-values???,Expressions,Medium,"We can identify certain common error cases (return value, return parameter, global parameter) and confirm they have been checked."
AUTOSAR,M0-4-1,No,Required,Non-Automated,Implementation,Use of scaled-integer or fixed-point arithmetic shall be documented.,,,,Documentation not covered by queries
AUTOSAR,M0-4-2,No,Required,Non-Automated,Implementation,Use of floating-point arithmetic shall be documented.,,,,Documentation not covered by queries
AUTOSAR,M1-0-2,No,Required,Non-Automated,Toolchain,"Multiple compilers shall only be used if they have a common, defined interface.",,,,Allocated target not covered by CodeQL
AUTOSAR,M10-1-1,Yes,Advisory,Automated,Implementation,Classes should not be derived from virtual bases.,,Inheritance,Easy,
AUTOSAR,M10-1-2,Yes,Required,Automated,Implementation,A base class shall only be declared virtual if it is used in a diamond hierarchy.,,Inheritance,Easy,
AUTOSAR,M10-1-3,Yes,Required,Automated,Implementation,An accessible base class shall not be both virtual and non-virtual in the same hierarchy.,,Inheritance,Easy,
AUTOSAR,M10-2-1,Yes,Advisory,Automated,Implementation,All accessible entity names within a multiple inheritance hierarchy should be unique.,,Inheritance,Easy,
AUTOSAR,M10-3-3,Yes,Required,Automated,Implementation,A virtual function shall only be overridden by a pure virtual function if it is itself declared as pure virtual.,,VirtualFunctions,Easy,
AUTOSAR,M11-0-1,Yes,Required,Automated,Implementation,Member data in non-POD class types shall be private.,,Classes,Easy,
AUTOSAR,M12-1-1,Yes,Required,Automated,Implementation,An object's dynamic type shall not be used from the body of its constructor or destructor.,,Inheritance,Easy,
AUTOSAR,M14-5-3,Yes,Required,Automated,Implementation,A copy assignment operator shall be declared when there is a template assignment operator with a parameter that is a generic parameter.,,Templates,Easy,
AUTOSAR,M14-6-1,Yes,Required,Automated,Implementation,"In a class template with a dependent base, any name that may be found in that dependent base shall be referred to using a qualified-id or this->.",,Templates,Easy,
AUTOSAR,M15-0-3,Yes,Required,Automated,Implementation,Control shall not be transferred into a try or catch block using a goto or a switch statement.,,Exceptions1,Easy,
AUTOSAR,M15-1-1,Yes,Required,Automated,Implementation,The assignment-expression of a throw statement shall not itself cause an exception to be thrown.,,Exceptions1,Easy,
AUTOSAR,M15-1-2,Yes,Required,Automated,Implementation,NULL shall not be thrown explicitly.,,Exceptions1,Easy,
AUTOSAR,M15-1-3,Yes,Required,Automated,Implementation,An empty throw (throw;) shall only be used in the compound statement of a catch handler.,,Exceptions1,Easy,
AUTOSAR,M15-3-1,Yes,Required,Automated,Implementation,Exceptions shall be raised only after start-up and before termination.,,Exceptions2,Easy,
AUTOSAR,M15-3-3,Yes,Required,Automated,Implementation,Handlers of a function-try-block implementation of a class constructor or destructor shall not reference non-static members from this class or its bases.,ERR53-CPP,Exceptions2,Import,
AUTOSAR,M15-3-4,Yes,Required,Automated,Implementation,Each exception explicitly thrown in the code shall have a handler of a compatible type in all call paths that could lead to that point.,,Exceptions1,Medium,
AUTOSAR,M15-3-6,Yes,Required,Automated,Implementation,"Where multiple handlers are provided in a single try-catch statement or function-try-block for a derived class and some or all of its bases, the handlers shall be ordered most-derived to base class.",ERR54-CPP,Exceptions2,Import,
AUTOSAR,M15-3-7,Yes,Required,Automated,Implementation,"Where multiple handlers are provided in a single try-catch statement or function-try-block, any ellipsis (catch-all) handler shall occur last.",,Exceptions1,Easy,
AUTOSAR,M16-0-1,Yes,Required,Automated,Implementation,#include directives in a file shall only be preceded by other pre-processor directives or comments.,cpp/jpl-c/includes-first,Macros,Easy,
AUTOSAR,M16-0-2,Yes,Required,Automated,Implementation,Macros shall only be #define'd or #undef'd in the global namespace.,,Macros,Easy,
AUTOSAR,M16-0-5,Yes,Required,Automated,Implementation,Arguments to a function-like macro shall not contain tokens that look like pre-processing directives.,,Macros,Easy,
AUTOSAR,M16-0-6,Yes,Required,Automated,Implementation,"In the definition of a function-like macro, each instance of a parameter shall be enclosed in parentheses, unless it is used as the operand of # or ##.",,Macros,Easy,
AUTOSAR,M16-0-7,Yes,Required,Automated,Implementation,"Undefined macro identifiers shall not be used in #if or #elif pre-processor directives, except as operands to the defined operator.",,Macros,Hard,
AUTOSAR,M16-0-8,No,Required,Automated,Implementation,"If the # token appears as the first token on a line, then it shall be immediately followed by a pre-processing token.",,,,This is verified by the compiler in the cases where the token is not within an ifdef branch that's never taken
AUTOSAR,M16-1-1,Yes,Required,Automated,Implementation,The defined pre-processor operator shall only be used in one of the two standard forms.,,Macros,Easy,
AUTOSAR,M16-1-2,No,Required,Automated,Implementation,"All #else, #elif and #endif pre-processor directives shall reside in the same file as the #if or #ifdef directive to which they are related.",,,,Compilers already prohibit this case
AUTOSAR,M16-2-3,Yes,Required,Automated,Implementation,Include guards shall be provided.,cpp/missing-header-guard,Includes,Easy,
AUTOSAR,M16-3-1,Yes,Required,Automated,Implementation,There shall be at most one occurrence of the # or ## operators in a single macro definition.,,Macros,Easy,
AUTOSAR,M16-3-2,Yes,Advisory,Automated,Implementation,The # and ## operators should not be used.,,Macros,Easy,
AUTOSAR,M17-0-2,Yes,Required,Automated,Implementation,The names of standard library macros and objects shall not be reused.,,Naming,Medium,
AUTOSAR,M17-0-3,Yes,Required,Automated,Implementation,The names of standard library functions shall not be overridden.,,Naming,Medium,
AUTOSAR,M17-0-5,Yes,Required,Automated,Implementation,The setjmp macro and the longjmp function shall not be used.,ERR52-CPP,BannedFunctions,Import,
AUTOSAR,M18-0-3,Yes,Required,Automated,Implementation,"The library functions abort, exit, getenv and system from library <cstdlib> shall not be used.",,BannedFunctions,Easy,
AUTOSAR,M18-0-4,Yes,Required,Automated,Implementation,The time handling functions of library <ctime> shall not be used.,,BannedFunctions,Easy,
AUTOSAR,M18-0-5,Yes,Required,Automated,Implementation,The unbounded functions of library <cstring> shall not be used.,,BannedFunctions,Easy,
AUTOSAR,M18-2-1,Yes,Required,Automated,Implementation,The macro offsetof shall not be used.,,BannedFunctions,Easy,
AUTOSAR,M18-7-1,Yes,Required,Automated,Implementation,The signal handling facilities of <csignal> shall not be used.,,BannedLibraries,Easy,
AUTOSAR,M19-3-1,Yes,Required,Automated,Implementation,The error indicator errno shall not be used.,,BannedLibraries,Easy,
AUTOSAR,M2-10-1,Yes,Required,Automated,Architecture / Design / Implementation,Different identifiers shall be typographically unambiguous.,,Naming,Easy,
AUTOSAR,M2-13-2,Yes,Required,Automated,Architecture / Design / Implementation,Octal constants (other than zero) and octal escape sequences (other than '\0' ) shall not be used.,,Literals,Easy,
AUTOSAR,M2-13-3,Yes,Required,Automated,Architecture / Design / Implementation,A 'U' suffix shall be applied to all octal or hexadecimal integer literals of unsigned type.,,Literals,Easy,
AUTOSAR,M2-13-4,Yes,Required,Automated,Architecture / Design / Implementation,Literal suffixes shall be upper case.,,Literals,Easy,
AUTOSAR,M2-7-1,Yes,Required,Automated,Implementation,The character sequence /* shall not be used within a C-style comment.,,Comments,Easy,
AUTOSAR,M27-0-1,Yes,Required,Automated,Implementation,The stream input/output library <cstdio> shall not be used.,,BannedLibraries,Easy,
AUTOSAR,M3-1-2,Yes,Required,Automated,Implementation,Functions shall not be declared at block scope.,,Declarations,Easy,
AUTOSAR,M3-2-1,Yes,Required,Automated,Implementation,All declarations of an object or function shall have compatible types.,,Declarations,Easy,
AUTOSAR,M3-2-2,Yes,Required,Automated,Implementation,The One Definition Rule shall not be violated.,DCL60-CPP,Scope,Import,
AUTOSAR,M3-2-3,Yes,Required,Automated,Implementation,"A type, object or function that is used in multiple translation units shall be declared in one and only one file.",,Scope,Easy,
AUTOSAR,M3-2-4,Yes,Required,Automated,Implementation,An identifier with external linkage shall have exactly one definition.,,Scope,Easy,
AUTOSAR,M3-3-2,Yes,Required,Automated,Implementation,If a function has internal linkage then all re-declarations shall include the static storage class specifier.,,Scope,Easy,
AUTOSAR,M3-4-1,Yes,Required,Automated,Implementation,An identifier declared to be an object or type shall be defined in a block that minimizes its visibility.,,Scope,Easy,
AUTOSAR,M3-9-1,Yes,Required,Automated,Implementation,"The types used for an object, a function return type, or a function parameter shall be token-for-token identical in all declarations and re-declarations.",M8-4-2,Declarations,Easy,
AUTOSAR,M3-9-3,Yes,Required,Automated,Implementation,The underlying bit representations of floating-point values shall not be used.,,Representation,Easy,
AUTOSAR,M4-10-1,Yes,Required,Automated,Implementation,NULL shall not be used as an integer value.,,Literals,Easy,
AUTOSAR,M4-10-2,Yes,Required,Automated,Implementation,Literal zero (0) shall not be used as the null-pointer-constant.,A4-10-1,Literals,Easy,
AUTOSAR,M4-5-1,Yes,Required,Automated,Implementation,"Expressions with type bool shall not be used as operands to built-in operators other than the assignment operator =, the logical operators",,Expressions,Easy,
AUTOSAR,M4-5-3,Yes,Required,Automated,Implementation,"Expressions with type (plain) char and wchar_t shall not be used as operands to built-in operators other than the assignment operator =, the equality operators == and ! =, and the unary & operator.",,Expressions,Easy,
AUTOSAR,M5-0-10,Yes,Required,Automated,Implementation,"If the bitwise operators ~and << are applied to an operand with an underlying type of unsigned char or unsigned short, the result shall be immediately cast to the underlying type of the operand.",,Operators,Easy,
AUTOSAR,M5-0-11,Yes,Required,Automated,Implementation,The plain char type shall only be used for the storage and use of character values.,CMISRA-6-01,Strings,Easy,
AUTOSAR,M5-0-12,Yes,Required,Automated,Implementation,Signed char and unsigned char type shall only be used for the storage and use of numeric values.,CMISRA-6-02,Strings,Easy,
AUTOSAR,M5-0-14,Yes,Required,Automated,Implementation,The first operand of a conditional-operator shall have type bool.,,Expressions,Easy,
AUTOSAR,M5-0-15,Yes,Required,Automated,Implementation,Array indexing shall be the only form of pointer arithmetic.,cpp/jsf/av-rule-215?,Pointers,Easy,
AUTOSAR,M5-0-16,Yes,Required,Automated,Implementation,A pointer operand and any pointer resulting from pointer arithmetic using that operand shall both address elements of the same array.,CTR50-CPP,Pointers,Hard,
AUTOSAR,M5-0-17,Yes,Required,Automated,Implementation,Subtraction between pointers shall only be applied to pointers that address elements of the same array.,,Pointers,Easy,
AUTOSAR,M5-0-18,Yes,Required,Automated,Implementation,">, >=, <, <= shall not be applied to objects of pointer type, except where they point to the same array.",,Pointers,Easy,
AUTOSAR,M5-0-2,Yes,Advisory,Partially Automated,Implementation,Limited dependence should be placed on C++ operator precedence rules in expressions.,,OrderOfEvaluation,Easy,
AUTOSAR,M5-0-20,Yes,Required,Automated,Implementation,Non-constant operands to a binary bitwise operator shall have the same underlying type.,,Expressions,Easy,
AUTOSAR,M5-0-21,Yes,Required,Automated,Implementation,Bitwise operators shall only be applied to operands of unsigned underlying type.,,Expressions,Easy,
AUTOSAR,M5-0-3,Yes,Required,Automated,Implementation,A cvalue expression shall not be implicitly converted to a different underlying type.,,Expressions,Easy,
AUTOSAR,M5-0-4,Yes,Required,Automated,Implementation,An implicit integral conversion shall not change the signedness of the underlying type.,,IntegerConversion,Easy,
AUTOSAR,M5-0-5,Yes,Required,Automated,Implementation,There shall be no implicit floating-integral conversions.,,IntegerConversion,Easy,
AUTOSAR,M5-0-6,Yes,Required,Automated,Implementation,An implicit integral or floating-point conversion shall not reduce the size of the underlying type.,,IntegerConversion,Easy,
AUTOSAR,M5-0-7,Yes,Required,Automated,Implementation,There shall be no explicit floating-integral conversions of a cvalue expression.,,IntegerConversion,Easy,
AUTOSAR,M5-0-8,Yes,Required,Automated,Implementation,An explicit integral or floating-point conversion shall not increase the size of the underlying type of a cvalue expression.,,IntegerConversion,Easy,
AUTOSAR,M5-0-9,Yes,Required,Automated,Implementation,An explicit integral conversion shall not change the signedness of the underlying type of a cvalue expression.,,IntegerConversion,Easy,
AUTOSAR,M5-14-1,Yes,Required,Automated,Implementation,"The right hand operand of a logical &&, || operators shall not contain side effects.",,SideEffects1,Medium,
AUTOSAR,M5-17-1,Yes,Required,Non-Automated,Implementation,The semantic equivalence between a binary operator and its assignment operator form shall be preserved.,,OperatorInvariants,Audit,Produce a list of binary and assigment operator pairs.
AUTOSAR,M5-18-1,Yes,Required,Automated,Implementation,The comma operator shall not be used.,cpp/jsf/av-rule-168,BannedSyntax,Easy,
AUTOSAR,M5-19-1,Yes,Required,Automated,Implementation,Evaluation of constant unsigned integer expressions shall not lead to wrap-around.,,Expressions,Medium,
AUTOSAR,M5-2-10,Yes,Required,Automated,Implementation,The increment (++) and decrement (--) operators shall not be mixed with other operators in an expression.,,OrderOfEvaluation,Easy,
AUTOSAR,M5-2-11,Yes,Required,Automated,Implementation,"The comma operator, && operator and the || operator shall not be overloaded.",,Operators,Easy,
AUTOSAR,M5-2-12,Yes,Required,Automated,Implementation,An identifier with array type passed as a function argument shall not decay to a pointer.,,Pointers,Easy,
AUTOSAR,M5-2-2,Yes,Required,Automated,Implementation,A pointer to a virtual base class shall only be cast to a pointer to a derived class by means of dynamic_cast.,,Pointers,Easy,
AUTOSAR,M5-2-3,Yes,Advisory,Automated,Implementation,Casts from a base class to a derived class should not be performed on polymorphic types.,,Inheritance,Easy,
AUTOSAR,M5-2-6,Yes,Required,Automated,Implementation,"A cast shall not convert a pointer to a function to any other pointer type, including a pointer to function type.",,Pointers,Easy,
AUTOSAR,M5-2-8,Yes,Required,Automated,Implementation,An object with integer type or pointer to void type shall not be converted to an object with pointer type.,,Pointers,Easy,
AUTOSAR,M5-2-9,Yes,Required,Automated,Implementation,A cast shall not convert a pointer type to an integral type.,,Pointers,Easy,
AUTOSAR,M5-3-1,Yes,Required,Automated,Implementation,"Each operand of the ! operator, the logical && or the logical || operators shall have type bool.",,Operators,Easy,
AUTOSAR,M5-3-2,Yes,Required,Automated,Implementation,The unary minus operator shall not be applied to an expression whose underlying type is unsigned.,,Operators,Easy,
AUTOSAR,M5-3-3,Yes,Required,Automated,Implementation,The unary & operator shall not be overloaded.,,Operators,Easy,
AUTOSAR,M5-3-4,Yes,Required,Automated,Implementation,Evaluation of the operand to the sizeof operator shall not contain side effects.,cpp/sizeof-side-effect,SideEffects1,Easy,
AUTOSAR,M5-8-1,Yes,Required,Partially Automated,Implementation,The right hand operand of a shift operator shall lie between zero and one less than the width in bits of the underlying type of the left hand operand.,,Expressions,Medium,
AUTOSAR,M6-2-1,Yes,Required,Automated,Implementation,Assignment operators shall not be used in sub-expressions.,,OrderOfEvaluation,Easy,
AUTOSAR,M6-2-2,Yes,Required,Partially Automated,Implementation,Floating-point expressions shall not be directly or indirectly tested for equality or inequality.,,Expressions,Easy,
AUTOSAR,M6-2-3,Yes,Required,Automated,Implementation,"Before preprocessing, a null statement shall only occur on a line by itself; it may be followed by a comment, provided that the first character following the null statement is a white-space character.",,Comments,Easy,
AUTOSAR,M6-3-1,Yes,Required,Automated,Implementation,"The statement forming the body of a switch, while, do ... while or for statement shall be a compound statement.",,Conditionals,Easy,
AUTOSAR,M6-4-1,Yes,Required,Automated,Implementation,"An if ( condition ) construct shall be followed by a compound statement. The else keyword shall be followed by either a compound statement, or another if statement.",,Conditionals,Easy,
AUTOSAR,M6-4-2,Yes,Required,Automated,Implementation,All if ... else if constructs shall be terminated with an else clause.,,Conditionals,Easy,
AUTOSAR,M6-4-3,Yes,Required,Automated,Implementation,A switch statement shall be a well-formed switch statement.,,Conditionals,Easy,
AUTOSAR,M6-4-4,Yes,Required,Automated,Implementation,A switch-label shall only be used when the most closely-enclosing compound statement is the body of a switch statement.,,Conditionals,Easy,
AUTOSAR,M6-4-5,Yes,Required,Automated,Implementation,An unconditional throw or break statement shall terminate every non-empty switch-clause.,cpp/jsf/av-rule-193,Conditionals,Easy,
AUTOSAR,M6-4-6,Yes,Required,Automated,Implementation,The final clause of a switch statement shall be the default-clause.,,Conditionals,Easy,
AUTOSAR,M6-4-7,Yes,Required,Automated,Implementation,The condition of a switch statement shall not have bool type.,,Conditionals,Easy,
AUTOSAR,M6-5-2,Yes,Required,Automated,Implementation,"If loop-counter is not modified by or ++, then, within condition, the loop-counter shall only be used as an operand to <=, <, > or >=.",,Loops,Easy,
AUTOSAR,M6-5-3,Yes,Required,Automated,Implementation,The loop-counter shall not be modified within condition or statement.,,Loops,Easy,
AUTOSAR,M6-5-4,Yes,Required,Automated,Implementation,"The loop-counter shall be modified by one of: , ++, = n, or + = n; where n remains constant for the duration of the loop.",,Loops,Easy,
AUTOSAR,M6-5-5,Yes,Required,Automated,Implementation,A loop-control-variable other than the loop-counter shall not be modified within condition or expression.,,Loops,Easy,
AUTOSAR,M6-5-6,Yes,Required,Automated,Implementation,A loop-control-variable other than the loop-counter which is modified in statement shall have type bool.,,Loops,Easy,
AUTOSAR,M6-6-1,Yes,Required,Automated,Implementation,"Any label referenced by a goto statement shall be declared in the same block, or in a block enclosing the goto statement.",,Conditionals,Easy,
AUTOSAR,M6-6-2,Yes,Required,Automated,Implementation,The goto statement shall jump to a label declared later in the same function body.,,Conditionals,Easy,
AUTOSAR,M6-6-3,Yes,Required,Automated,Implementation,The continue statement shall only be used within a well-formed for loop.,,Conditionals,Easy,
AUTOSAR,M7-1-2,Yes,Required,Automated,Implementation,A pointer or reference parameter in a function shall be declared as pointer to const or reference to const if the corresponding object is not modified.,,Const,Hard,
AUTOSAR,M7-3-1,Yes,Required,Automated,Implementation,"The global namespace shall only contain main, namespace declarations and extern ""C"" declarations.",,Scope,Easy,
AUTOSAR,M7-3-2,Yes,Required,Automated,Implementation,The identifier main shall not be used for a function other than the global function main.,,Naming,Easy,
AUTOSAR,M7-3-3,Yes,Required,Automated,Implementation,There shall be no unnamed namespaces in header files.,,Naming,Easy,
AUTOSAR,M7-3-4,Yes,Required,Automated,Implementation,Using-directives shall not be used.,,BannedSyntax,Easy,
AUTOSAR,M7-3-6,Yes,Required,Automated,Implementation,Using-directives and using-declarations (excluding class scope or function scope using-declarations) shall not be used in header files.,,BannedSyntax,Easy,
AUTOSAR,M7-4-1,Yes,Required,Non-Automated,Implementation,All usage of assembler shall be documented.,,BannedLibraries,Audit,List all the places where assembler is used.
AUTOSAR,M7-4-2,Yes,Required,Automated,Implementation,Assembler instructions shall only be introduced using the asm declaration.,A7-4-1,Functions,Easy,
AUTOSAR,M7-4-3,Yes,Required,Automated,Implementation,Assembly language shall be encapsulated and isolated.,,Functions,Easy,
AUTOSAR,M7-5-1,Yes,Required,Non-Automated,Implementation,"A function shall not return a reference or a pointer to an automatic variable (including parameters), defined within the function.",,Functions,Medium,Similar to M7-5-2.
AUTOSAR,M7-5-2,Yes,Required,Non-Automated,Implementation,The address of an object with automatic storage shall not be assigned to another object that may persist after the first object has ceased to exist.,EXP54-CPP,Freed,Hard,Identify address of expressions for automatic storage objects which flow (via data flow) to some expression which escapes.
AUTOSAR,M8-0-1,Yes,Required,Automated,Implementation,An init-declarator-list or a member-declarator-list shall consist of a single init-declarator or member-declarator respectively.,,Initialization,Easy,
AUTOSAR,M8-3-1,Yes,Required,Automated,Implementation,"Parameters in an overriding virtual function shall either use the same default arguments as the function they override, or else shall not specify any default arguments.",,VirtualFunctions,Easy,
AUTOSAR,M8-4-2,Yes,Required,Automated,Implementation,The identifiers used for the parameters in a re-declaration of a function shall be identical to those in the declaration.,M3-9-1,Naming,Easy,
AUTOSAR,M8-4-4,Yes,Required,Automated,Implementation,A function identifier shall either be used to call the function or it shall be preceded by &.,,Functions,Easy,
AUTOSAR,M8-5-2,Yes,Required,Automated,Implementation,Braces shall be used to indicate and match the structure in the non-zero initialization of arrays and structures.,,Initialization,Easy,
AUTOSAR,M9-3-1,Yes,Required,Automated,Implementation,Const member functions shall not return non-const pointers or references to class-data.,,Const,Easy,
AUTOSAR,M9-3-3,Yes,Required,Automated,Implementation,"If a member function can be made static then it shall be made static, otherwise if it can be made const then it shall be made const.",,Const,Easy,
AUTOSAR,M9-6-1,No,Required,Non-Automated,Implementation,"When the absolute positioning of bits representing a bit-field is required, then the behavior and packing of bit-fields shall be documented.",,,,Documentation not covered by queries
AUTOSAR,M9-6-4,Yes,Required,Automated,Implementation,Named bit-fields with signed integer type shall have a length of more than one bit.,,Representation,Easy,
CERT-C++,CON50-CPP,Yes,Rule,,,Do not destroy a mutex while it is locked,,Concurrency,Hard,
CERT-C++,CON51-CPP,Yes,Rule,,,Ensure actively held locks are released on exceptional conditions,,Concurrency,Easy,
CERT-C++,CON52-CPP,Yes,Rule,,,Prevent data races when accessing bit-fields from multiple threads,,Concurrency,Medium,
CERT-C++,CON53-CPP,Yes,Rule,,,Avoid deadlock by locking in a predefined order,,Concurrency,Very Hard,
CERT-C++,CON54-CPP,Yes,Rule,,,Wrap functions that can spuriously wake up in a loop,,Concurrency,Medium,
CERT-C++,CON55-CPP,Yes,Rule,,,Preserve thread safety and liveness when using condition variables,,Concurrency,Hard,
CERT-C++,CON56-CPP,Yes,Rule,,,Do not speculatively lock a non-recursive mutex that is already owned by the calling thread,cpp/twice-locked???,Concurrency,Hard,
CERT-C++,CTR50-CPP,Yes,Rule,,,Guarantee that container indices and iterators are within the valid range,,OutOfBounds,Very Hard,
CERT-C++,CTR51-CPP,Yes,Rule,,,"Use valid references, pointers, and iterators to reference elements of a container",,Iterators,Hard,
CERT-C++,CTR52-CPP,Yes,Rule,,,Guarantee that library functions do not overflow,,OutOfBounds,Very Hard,
CERT-C++,CTR53-CPP,Yes,Rule,,,Use valid iterator ranges,,Iterators,Hard,
CERT-C++,CTR54-CPP,Yes,Rule,,,Do not subtract iterators that do not refer to the same container,,Iterators,Hard,
CERT-C++,CTR55-CPP,Yes,Rule,,,Do not use an additive operator on an iterator if the result would overflow,,Iterators,Hard,
CERT-C++,CTR56-CPP,Yes,Rule,,,Do not use pointer arithmetic on polymorphic objects,,Pointers,Easy,
CERT-C++,CTR57-CPP,Yes,Rule,,,Provide a valid ordering predicate,,Invariants,Medium,
CERT-C++,CTR58-CPP,Yes,Rule,,,Predicate function objects should not be mutable,,SideEffects2,Medium,
CERT-C++,DCL50-CPP,Yes,Rule,,,Do not define a C-style variadic function,,BannedSyntax,Easy,
CERT-C++,DCL51-CPP,Yes,Rule,,,Do not declare or define a reserved identifier,,Naming,Medium,
CERT-C++,DCL52-CPP,No,Rule,,,Never qualify a reference type with const or volatile,,,,"This is compiler checked - clang reports an error. The extractor accepts it, but doesn't include the cv information."
CERT-C++,DCL53-CPP,Yes,Rule,,,Do not write syntactically ambiguous declarations,,Scope,Medium,
CERT-C++,DCL54-CPP,Yes,Rule,,,Overload allocation and deallocation functions as a pair in the same scope,,Scope,Easy,
CERT-C++,DCL55-CPP,Yes,Rule,,,Avoid information leakage when passing a class object across a trust boundary,,Uninitialized,Very Hard,
CERT-C++,DCL56-CPP,Yes,Rule,,,Avoid cycles during initialization of static objects,,Initialization,Easy,
CERT-C++,DCL57-CPP,Yes,Rule,,,Do not let exceptions escape from destructors or deallocation functions,A15-5-1,Exceptions2,Easy,
CERT-C++,DCL58-CPP,Yes,Rule,,,Do not modify the standard namespaces,,Scope,Easy,
CERT-C++,DCL59-CPP,Yes,Rule,,,Do not define an unnamed namespace in a header file,,Scope,Easy,
CERT-C++,DCL60-CPP,Yes,Rule,,,Obey the one-definition rule,M3-2-2,Scope,Easy,
CERT-C++,ERR50-CPP,Yes,Rule,,,Do not abruptly terminate the program,,Exceptions1,Medium,
CERT-C++,ERR51-CPP,Yes,Rule,,,Handle all exceptions,,Exceptions1,Easy,
CERT-C++,ERR52-CPP,Yes,Rule,,,Do not use setjmp() or longjmp(),cpp/jsf/av-rule-20,BannedFunctions,Easy,
CERT-C++,ERR53-CPP,Yes,Rule,,,Do not reference base classes or class data members in a constructor or destructor function-try-block handler,,Exceptions1,Easy,
CERT-C++,ERR54-CPP,Yes,Rule,,,Catch handlers should order their parameter types from most derived to least derived,,Exceptions2,Easy,
CERT-C++,ERR55-CPP,Yes,Rule,,,Honor exception specifications,A15-4-2,Exceptions1,Medium,
CERT-C++,ERR56-CPP,Yes,Rule,,,Guarantee exception safety,,ExceptionSafety,Hard,
CERT-C++,ERR57-CPP,Yes,Rule,,,Do not leak resources when handling exceptions,,ExceptionSafety,Hard,
CERT-C++,ERR58-CPP,Yes,Rule,,,Handle all exceptions thrown before main() begins executing,,Exceptions1,Easy,
CERT-C++,ERR59-CPP,Yes,Rule,,,Do not throw an exception across execution boundaries,,TrustBoundaries,Hard,
CERT-C++,ERR60-CPP,Yes,Rule,,,Exception objects must be nothrow copy constructible,,Exceptions1,Medium,
CERT-C++,ERR61-CPP,Yes,Rule,,,Catch exceptions by lvalue reference,,Exceptions1,Easy,
CERT-C++,ERR62-CPP,Yes,Rule,,,Detect errors when converting a string to a number,A18-0-2,TypeRanges,Medium,
CERT-C++,EXP50-CPP,Yes,Rule,,,Do not depend on the order of evaluation for side effects,,SideEffects1,Hard,
CERT-C++,EXP51-CPP,Yes,Rule,,,Do not delete an array through a pointer of the incorrect type,,Freed,Hard,
CERT-C++,EXP52-CPP,Yes,Rule,,,Do not rely on side effects in unevaluated operands,,SideEffects1,Medium,
CERT-C++,EXP53-CPP,Yes,Rule,,,Do not read uninitialized memory,cpp/not-initialised???,Uninitialized,Very Hard,
CERT-C++,EXP54-CPP,Yes,Rule,,,Do not access an object outside of its lifetime,,Freed,Very Hard,
CERT-C++,EXP55-CPP,Yes,Rule,,,Do not access a cv-qualified object through a cv-unqualified type,,Const,Easy,
CERT-C++,EXP56-CPP,Yes,Rule,,,Do not call a function with a mismatched language linkage,,Functions,Easy,
CERT-C++,EXP57-CPP,Yes,Rule,,,Do not cast or delete pointers to incomplete classes,,Pointers,Medium,
CERT-C++,EXP58-CPP,Yes,Rule,,,Pass an object of the correct type to va_start,,Expressions,Medium,
CERT-C++,EXP59-CPP,Yes,Rule,,,Use offsetof() on valid types and members,,Classes,Medium,
CERT-C++,EXP60-CPP,Yes,Rule,,,Do not pass a nonstandard-layout type object across execution boundaries,,TrustBoundaries,Hard,
CERT-C++,EXP61-CPP,Yes,Rule,,,A lambda object must not outlive any of its reference captured objects,EXP54-CPP,Lambdas,Medium,
CERT-C++,EXP62-CPP,Yes,Rule,,,Do not access the bits of an object representation that are not part of the object's value representation,,Representation,Easy,
CERT-C++,EXP63-CPP,Yes,Rule,,,Do not rely on the value of a moved-from object,,MoveForward,Hard,
CERT-C++,FIO50-CPP,Yes,Rule,,,Do not alternately input and output from a file stream without an intervening positioning call,,IO,Medium,
CERT-C++,FIO51-CPP,Yes,Rule,,,Close files when they are no longer needed,,IO,Medium,
CERT-C++,INT50-CPP,Yes,Rule,,,Do not cast to an out-of-range enumeration value,A7-2-1,TypeRanges,Hard,
CERT-C++,MEM50-CPP,Yes,Rule,,,Do not access freed memory,cpp/use-after-free,Freed,Very Hard,
CERT-C++,MEM51-CPP,Yes,Rule,,,Properly deallocate dynamically allocated resources,cpp/memory-never-freed???,Allocations,Very Hard,
CERT-C++,MEM52-CPP,Yes,Rule,,,Detect and handle memory allocation errors,,Allocations,Medium,
CERT-C++,MEM53-CPP,Yes,Rule,,,Explicitly construct and destruct objects when manually managing object lifetime,,Allocations,Medium,
CERT-C++,MEM54-CPP,Yes,Rule,,,Provide placement new with properly aligned pointers to sufficient storage capacity,,Allocations,Hard,
CERT-C++,MEM55-CPP,Yes,Rule,,,Honor replacement dynamic storage management requirements,,Allocations,Hard,
CERT-C++,MEM56-CPP,Yes,Rule,,,Do not store an already-owned pointer value in an unrelated smart pointer,,SmartPointers2,Very Hard,
CERT-C++,MEM57-CPP,Yes,Rule,,,Avoid using default operator new for over-aligned types,,Allocations,Easy,
CERT-C++,MSC50-CPP,Yes,Rule,,,Do not use std::rand() for generating pseudorandom numbers,,BannedFunctions,Easy,
CERT-C++,MSC51-CPP,Yes,Rule,,,Ensure your random number generator is properly seeded,,Initialization,Medium,
CERT-C++,MSC52-CPP,Yes,Rule,,,Value-returning functions must return a value from all exit paths,cpp/missing-return,Functions,Easy,
CERT-C++,MSC53-CPP,Yes,Rule,,,Do not return from a function declared [[noreturn]],,Functions,Easy,
CERT-C++,MSC54-CPP,Yes,Rule,,,A signal handler must be a plain old function,,Invariants,Medium,
CERT-C++,OOP50-CPP,Yes,Rule,,,Do not invoke virtual functions from constructors or destructors,,Inheritance,Easy,
CERT-C++,OOP51-CPP,Yes,Rule,,,Do not slice derived objects,,Inheritance,Medium,
CERT-C++,OOP52-CPP,Yes,Rule,,,Do not delete a polymorphic object without a virtual destructor,A12-4-1,Inheritance,Easy,
CERT-C++,OOP53-CPP,Yes,Rule,,,Write constructor member initializers in the canonical order,,Initialization,Easy,
CERT-C++,OOP54-CPP,Yes,Rule,,,Gracefully handle self-copy assignment,"cpp/jsf/av-rule-81?, cpp/self-assignment-check?",OperatorInvariants,Hard,
CERT-C++,OOP55-CPP,Yes,Rule,,,Do not use pointer-to-member operators to access nonexistent members,,Pointers,Medium,
CERT-C++,OOP56-CPP,Yes,Rule,,,Honor replacement handler requirements,,Invariants,Easy,
CERT-C++,OOP57-CPP,Yes,Rule,,,Prefer special member functions and overloaded operators to C Standard Library functions,EXP62-CPP,BannedFunctions,Easy,
CERT-C++,OOP58-CPP,Yes,Rule,,,Copy operations must not mutate the source object,,OperatorInvariants,Medium,
CERT-C++,STR50-CPP,Yes,Rule,,,Guarantee that storage for strings has sufficient space for character data and the null terminator,,Strings,Very Hard,
CERT-C++,STR51-CPP,Yes,Rule,,,Do not attempt to create a std::string from a null pointer,,Null,Hard,
CERT-C++,STR52-CPP,Yes,Rule,,,"Use valid references, pointers, and iterators to reference elements of a basic_string",,Iterators,Hard,
CERT-C++,STR53-CPP,Yes,Rule,,,Range check element access,,OutOfBounds,Hard,